{
  "model_id": "20251104_201240",
  "timestamp": "2025-11-04T20:12:40.730850",
  "text_length": 5,
  "payload_size_bytes": 5,
  "payload_size_bits": 40,
  "redundancy_factor": 25,
  "capacity_percent": 0.008950923162411278,
  "baseline_accuracy": 0.109375,
  "embedded_accuracy": 0.10921875,
  "accuracy_drop": 0.00015624999999999667,
  "quantization_survival_8bit": 0.0,
  "quantization_survival_4bit": 0.0,
  "qim_step_multiplier": 0.5,
  "embedding_seed": 128212441448525075072862563535873102674,
  "whitening_seed": 69437447586406089948054250014071168247,
  "adaptive_redundancy": false
}